Resume,Similarity
resume1.pdf,0.3349570385208094
resume3.pdf,0.13535742522271504
resume2.pdf,0.059548968763359314
